0,1.0387,0.16437,0.90816,1.0725
0.206,1.0674,0.11677,0.91303,1.0298
0.412,1.0203,0.083747,0.91508,0.99882
0.618,0.98072,0.060733,0.91572,0.97645
0.824,0.97502,0.044588,0.91635,0.96094
1.03,0.95766,0.032954,0.91224,0.94519
1.236,0.90098,0.024721,0.91145,0.93617
1.442,0.91757,0.018763,0.91177,0.93053
1.648,0.92921,0.014383,0.91232,0.9267
1.854,0.93286,0.01113,0.91359,0.92472
2.06,0.89597,0.0086703,0.91375,0.92242
2.266,0.90532,0.00681,0.91519,0.922
2.472,0.88409,0.0053861,0.91757,0.92295
2.678,0.8656,0.0042771,0.91889,0.92317
2.884,0.94602,0.0034333,0.92616,0.9296
3.09,0.9827,0.0027653,0.93315,0.93591
3.296,1.0008,0.10177,0.93623,1.038
3.502,0.9951,0.073507,0.93926,1.0128
3.708,0.97821,0.053919,0.94506,0.99898
3.914,1.0157,0.040199,0.95483,0.99503
4.12,1.1789,0.18046,0.95828,1.1387
4.326,1.1021,0.12775,0.9615,1.0893
4.532,1.0492,0.091402,0.96262,1.054
4.738,1.2252,0.25839,0.96389,1.2223
4.944,1.2091,0.18035,0.9654,1.1458
5.15,1.1049,0.1265,0.9594,1.0859
5.356,1.0152,0.08984,0.95321,1.043
5.562,0.97715,0.064684,0.94809,1.0128
5.768,0.95516,0.047399,0.94798,0.99538
5.974,0.94381,0.035205,0.9494,0.9846
6.18,0.92206,0.026496,0.9526,0.97909
6.386,1.1678,0.1567,0.96077,1.1175
6.592,1.1939,0.11211,0.96921,1.0813
6.798,1.1134,0.080559,0.96953,1.0501
7.004,1.1916,0.24255,0.9649,1.2075
7.21,1.1506,0.16935,0.96459,1.1339
7.416,1.0238,0.11909,0.95893,1.078
7.622,1.0495,0.084963,0.95495,1.0399
7.828,1.0459,0.061287,0.94951,1.0108
8.034,0.98407,0.044609,0.94104,0.98565
8.24,0.97988,0.03298,0.93618,0.96916
8.446,0.93918,0.024621,0.93,0.95462
8.652,0.95363,0.018634,0.92686,0.9455
8.858,0.94801,0.014201,0.92135,0.93555
9.064,0.91315,0.0109,0.91439,0.92529
9.27,0.88995,0.0084606,0.91077,0.91923
9.476,0.87671,0.0066147,0.90751,0.91412
9.682,0.84712,0.0052094,0.90555,0.91076
9.888,0.92495,0.0041403,0.90728,0.91142
10.094,0.90684,0.0033076,0.90977,0.91308
10.3,0.93507,0.0026534,0.9127,0.91535
10.506,0.91004,0.0021315,0.91414,0.91627
10.712,0.86713,0.0017165,0.91546,0.91717
10.918,0.88113,0.0013897,0.91975,0.92114
11.124,0.85473,0.0011264,0.92351,0.92464
11.33,0.98506,0.00092083,0.93368,0.9346
11.536,1.078,0.096673,0.93849,1.0352
11.742,1.0132,0.069952,0.94128,1.0112
11.948,1.0415,0.051283,0.9447,0.99599
12.154,0.9913,0.037935,0.94521,0.98315
12.36,0.97684,0.028393,0.94599,0.97438
12.566,0.98848,0.021437,0.9448,0.96623
12.772,0.95059,0.016351,0.94383,0.96018
12.978,0.92791,0.012496,0.9362,0.94869
13.184,0.96406,0.0096112,0.92703,0.93664
13.39,1.0582,0.1175,0.92289,1.0404
13.596,1.1637,0.28488,0.91473,1.1996
13.802,1.3389,0.47995,0.91127,1.3912
14.008,1.2244,0.32847,0.91523,1.2437
14.214,1.1359,0.22943,0.92643,1.1559
14.42,1.1093,0.16218,0.93719,1.0994
14.626,1.0895,0.11534,0.94174,1.0571
14.832,1.1901,0.2881,0.94421,1.2323
15.038,1.1862,0.20272,0.95762,1.1603
15.244,1.1359,0.14311,0.9621,1.1052
15.45,1.1516,0.10239,0.96727,1.0697
15.656,1.0708,0.073371,0.96174,1.0351
15.862,1.0238,0.053252,0.95655,1.0098
16.068,0.98141,0.039022,0.949,0.98803
16.274,0.95219,0.028838,0.93865,0.96749
16.48,0.91712,0.021639,0.93252,0.95416
16.686,0.90425,0.016483,0.93102,0.9475
16.892,0.90707,0.012716,0.93286,0.94558
17.098,0.91171,0.009881,0.93384,0.94372
17.304,1.052,0.11968,0.93632,1.056
17.51,1.0376,0.085899,0.9391,1.025
17.716,1.1702,0.2479,0.94177,1.1897
17.922,1.1391,0.17411,0.94854,1.1226
18.128,1.0909,0.12412,0.95748,1.0816
18.334,1.0572,0.089215,0.96219,1.0514
18.54,1.0988,0.064996,0.96778,1.0328
18.746,0.969,0.047558,0.96567,1.0132
18.952,0.94062,0.035392,0.96842,1.0038
19.158,1.1704,0.17418,0.97417,1.1484
19.364,1.1524,0.12451,0.98511,1.1096
19.57,1.2615,0.30619,0.98697,1.2932
19.776,1.2451,0.21353,0.99263,1.2062
19.982,1.1754,0.15111,1.0003,1.1514
20.188,1.1672,0.10806,1.0057,1.1138
20.394,1.3082,0.2872,1.0072,1.2944
20.6,1.2831,0.19967,1.0069,1.2066
20.806,1.1726,0.13974,1.0006,1.1404
21.012,1.1073,0.098422,0.988,1.0864
21.218,1.0426,0.070141,0.97472,1.0449
21.424,1.0198,0.050677,0.9629,1.0136
21.63,0.99236,0.037094,0.9522,0.9893
21.836,0.90722,0.027318,0.93667,0.96399
22.042,0.91437,0.02047,0.92746,0.94793
22.248,0.90266,0.015549,0.92182,0.93737
22.454,0.89429,0.011955,0.91912,0.93108
22.66,0.90129,0.0092808,0.91787,0.92715
22.866,0.88204,0.0072657,0.91786,0.92512
23.072,0.94443,0.0057412,0.9207,0.92644
23.278,1.2221,0.33163,0.92216,1.2538
23.484,1.2086,0.23164,0.93353,1.1652
23.69,1.1578,0.16293,0.93972,1.1026
23.896,1.0481,0.11536,0.94021,1.0556
24.102,1.008,0.082738,0.94082,1.0236
24.308,1.0266,0.060217,0.94343,1.0036
24.514,1.1481,0.21103,0.94638,1.1574
24.72,1.1626,0.149,0.95271,1.1017
24.926,1.1083,0.10587,0.95302,1.0589
25.132,1.047,0.075808,0.94854,1.0243
25.338,0.97821,0.055032,0.94529,1.0003
25.544,0.98506,0.040457,0.9425,0.98296
25.75,0.97928,0.029996,0.93676,0.96676
25.956,0.91917,0.022451,0.92969,0.95214
26.162,0.94162,0.017047,0.92654,0.94359
26.368,0.90433,0.013039,0.92164,0.93468
26.574,0.89984,0.010089,0.91966,0.92975
26.78,0.87413,0.0078732,0.9188,0.92667
26.986,0.87618,0.0062066,0.92123,0.92744
27.192,1.0239,0.11007,0.92803,1.0381
27.398,1.0498,0.080111,0.94118,1.0213
27.604,1.0422,0.058752,0.94984,1.0086
27.81,1.0083,0.04323,0.95007,0.9933
28.016,1.0511,0.032219,0.95133,0.98355
28.222,1.0223,0.024206,0.94967,0.97388
28.428,1.0721,0.14956,0.94226,1.0918
28.634,1.0668,0.10615,0.94204,1.0482
28.84,1.1857,0.27427,0.93869,1.213
29.046,1.1543,0.18994,0.9356,1.1255
29.252,1.0845,0.13283,0.92979,1.0626
29.458,1.0363,0.093996,0.92318,1.0172
29.664,0.99838,0.067052,0.91241,0.97947
29.87,0.94748,0.048433,0.90185,0.95029
30.076,0.89451,0.035313,0.88905,0.92436
30.282,0.89269,0.026107,0.87856,0.90466
30.488,0.90327,0.019588,0.87167,0.89126
30.694,0.86401,0.014783,0.86129,0.87607
30.9,0.82627,0.011304,0.85455,0.86586
31.106,0.80641,0.0087207,0.84849,0.85721
31.312,0.87489,0.006826,0.84871,0.85553
31.518,0.8386,0.0053637,0.84692,0.85228
31.724,0.88653,0.0042379,0.84522,0.84945
31.93,0.83836,0.00335,0.84003,0.84338
32.136,0.80253,0.0026587,0.83493,0.83759
32.342,0.80953,0.0021204,0.83124,0.83336
32.548,0.79629,0.0017066,0.83275,0.83446
32.754,0.78967,0.001381,0.83694,0.83833
32.96,0.85115,0.0011199,0.84135,0.84247
33.166,0.85168,0.00091052,0.84649,0.8474
33.372,0.84414,0.00074184,0.85253,0.85327
33.578,0.81409,0.0006035,0.85642,0.85703
33.784,0.84818,0.00049418,0.86489,0.86538
33.99,0.95462,0.00040638,0.8768,0.8772
34.196,0.93302,0.00033164,0.88148,0.88181
34.402,0.87999,0.00026983,0.88332,0.88359
34.608,0.89117,0.00021976,0.88539,0.88561
34.814,0.89885,0.0001781,0.88267,0.88285
35.02,0.88394,0.00014466,0.88289,0.88303
35.226,1.149,0.29024,0.88235,1.1726
35.432,1.313,0.48036,0.88049,1.3609
35.638,1.164,0.3282,0.88383,1.212
35.844,1.1347,0.22805,0.89103,1.1191
36.05,1.075,0.15977,0.89432,1.0541
36.256,0.98856,0.11358,0.89938,1.013
36.462,0.98361,0.081971,0.90658,0.98855
36.668,0.94602,0.059745,0.91137,0.97112
36.874,0.96885,0.044287,0.9204,0.96469
37.08,0.97692,0.033175,0.92831,0.96149
37.286,0.95683,0.02523,0.93992,0.96515
37.492,1.1273,0.15276,0.94717,1.0999
37.698,1.1323,0.10894,0.95196,1.0609
37.904,1.1933,0.28046,0.95231,1.2328
38.11,1.1786,0.19553,0.95577,1.1513
38.316,1.1252,0.13748,0.95526,1.0927
38.522,1.0884,0.09793,0.95499,1.0529
38.728,1.0648,0.070398,0.95141,1.0218
38.934,0.98141,0.051027,0.94391,0.99493
39.14,0.98826,0.037595,0.94053,0.97812
39.346,0.94093,0.027921,0.93388,0.9618
39.552,0.94557,0.020986,0.92837,0.94936
39.758,0.9601,0.015976,0.92554,0.94151
39.964,0.93925,0.012255,0.92139,0.93364
40.17,0.93211,0.0094564,0.91518,0.92464
40.376,0.90616,0.0073628,0.91071,0.91807
40.582,0.89824,0.0057628,0.90532,0.91108
40.788,0.92632,0.0045317,0.89931,0.90384
40.994,0.87854,0.0035836,0.89426,0.89784
41.2,0.87336,0.0028483,0.89023,0.89308
41.406,0.82871,0.0022717,0.88629,0.88856
41.612,0.83175,0.0018236,0.88574,0.88756
41.818,0.85746,0.0014744,0.88943,0.8909
42.024,0.94062,0.0011994,0.89687,0.89807
42.23,0.95774,0.00097585,0.90313,0.90411
42.436,1.1519,0.30139,0.90218,1.2036
42.642,1.1736,0.20923,0.9055,1.1147
42.848,1.0852,0.14664,0.90594,1.0526
43.054,1.0161,0.10359,0.9021,1.0057
43.26,0.94229,0.07421,0.89943,0.97364
43.466,0.98201,0.054266,0.90399,0.95825
43.672,0.94222,0.03976,0.89934,0.9391
43.878,0.9092,0.029654,0.90019,0.92984
44.084,0.92602,0.022317,0.89926,0.92158
44.29,0.99335,0.14202,0.90206,1.0441
44.496,1.0401,0.10142,0.90707,1.0085
44.702,0.96695,0.073186,0.91008,0.98327
44.908,1.1037,0.22658,0.91534,1.1419
45.114,1.0647,0.1601,0.92556,1.0857
45.32,1.0668,0.11402,0.93132,1.0453
45.526,1.0433,0.082141,0.93605,1.0182
45.732,0.99175,0.059498,0.9341,0.9936
45.938,0.96261,0.043667,0.93299,0.97666
46.144,1.1027,0.18327,0.93445,1.1177
46.35,1.1276,0.12977,0.93912,1.0689
46.556,1.1006,0.092533,0.93842,1.031
46.762,1.0355,0.066395,0.93178,0.99817
46.968,0.97068,0.048231,0.92514,0.97338
47.174,0.96208,0.035402,0.91709,0.95249
47.38,0.91461,0.026165,0.90499,0.93115
47.586,0.89291,0.01963,0.89694,0.91657
47.792,0.85853,0.014927,0.89216,0.90709
47.998,0.90144,0.011495,0.89073,0.90223
48.204,0.88364,0.0089152,0.88848,0.89739
48.41,0.92533,0.0069651,0.88646,0.89343
48.616,0.92572,0.0054579,0.88166,0.88712
48.822,0.88676,0.0043007,0.87706,0.88136
49.028,0.8631,0.0033963,0.87051,0.87391
49.234,0.85845,0.0026932,0.86423,0.86692
49.44,0.86949,0.0021506,0.86113,0.86328
49.646,0.83274,0.0017183,0.8563,0.85802
49.852,0.83098,0.0013767,0.85193,0.85331
50.058,0.87063,0.0011061,0.84828,0.84939
50.264,0.85115,0.00089192,0.84653,0.84742
50.47,0.84643,0.00071925,0.84361,0.84433
50.676,0.84004,0.00057971,0.83952,0.8401
50.882,0.8268,0.00046718,0.83437,0.83484
51.088,0.79393,0.00037819,0.8327,0.83308
51.294,0.80664,0.00030708,0.83291,0.83322
51.5,0.84727,0.00024992,0.83466,0.83491
51.706,0.81988,0.00020325,0.83545,0.83565
51.912,0.85047,0.00016475,0.83306,0.83322
52.118,0.80892,0.00013387,0.83337,0.8335
52.324,0.78625,0.00010914,0.83494,0.83505
52.53,0.82931,8.8751e-05,0.836,0.83609
52.736,0.84422,7.2479e-05,0.8384,0.83847
52.942,0.83319,5.9187e-05,0.84148,0.84154
53.148,0.97844,0.084823,0.84637,0.93119
53.354,1.0422,0.23353,0.84816,1.0817
53.56,1.0637,0.16368,0.85386,1.0175
53.766,1.0259,0.11539,0.85364,0.96903
53.972,0.94405,0.081824,0.84761,0.92943
54.178,0.89482,0.058862,0.8431,0.90197
54.384,0.90137,0.042869,0.83859,0.88146
54.59,0.90182,0.031547,0.8328,0.86435
54.796,0.97068,0.14933,0.82452,0.97385
55.002,1.0859,0.30967,0.81804,1.1277
55.208,1.0344,0.21302,0.81696,1.03
55.414,0.96741,0.14831,0.81541,0.96372
55.62,0.91156,0.10465,0.81446,0.91912
55.826,0.88219,0.074704,0.81255,0.88726
56.032,0.84894,0.053985,0.8104,0.86439
56.238,0.83776,0.039551,0.8094,0.84895
56.444,0.84316,0.029371,0.80975,0.83912
56.65,0.7918,0.022024,0.80886,0.83088
56.856,0.81965,0.016771,0.81192,0.8287
57.062,0.86104,0.01291,0.81594,0.82885
57.268,0.83244,0.010019,0.81948,0.8295
57.474,0.81166,0.0077962,0.81882,0.82662
57.68,0.8198,0.0061167,0.81929,0.82541
57.886,0.84012,0.0048329,0.82062,0.82546
58.092,0.84369,0.0038363,0.82156,0.8254
58.298,0.8341,0.0030615,0.82327,0.82633
58.504,0.83418,0.0024523,0.825,0.82745
58.71,0.82178,0.0019705,0.82676,0.82873
58.916,0.86462,0.0015891,0.82932,0.83091
59.122,0.89246,0.08779,0.83027,0.91806
59.328,0.89444,0.063448,0.83256,0.89601
59.534,0.89931,0.046454,0.83529,0.88174
59.74,0.95599,0.17522,0.8333,1.0085
59.946,1.0045,0.12353,0.83589,0.95942
60.152,0.99289,0.087623,0.83294,0.92056
60.358,0.87306,0.06274,0.82734,0.89008
60.564,0.84834,0.045458,0.82125,0.86671
60.77,0.83098,0.033344,0.81542,0.84876
60.976,0.82033,0.024827,0.81243,0.83726
61.182,0.8179,0.018715,0.81068,0.82939
61.388,0.8252,0.014244,0.80859,0.82283
61.594,0.8233,0.010947,0.80694,0.81789
61.8,0.7724,0.0084682,0.80404,0.81251
62.006,0.81082,0.0066161,0.80328,0.80989
62.212,0.82543,0.0052015,0.80246,0.80766
62.418,0.85647,0.0041061,0.80056,0.80466
62.624,0.83274,0.0032574,0.79882,0.80207
62.83,0.78708,0.0025873,0.79488,0.79747
63.036,0.77453,0.0020599,0.79022,0.79228
63.242,0.79819,0.0016446,0.78554,0.78718
63.448,0.76183,0.0013196,0.78297,0.78429
63.654,0.78929,0.0010613,0.78074,0.7818
63.86,0.78047,0.0008533,0.77693,0.77779
64.066,0.75886,0.00068563,0.77177,0.77246
64.272,0.73421,0.00055134,0.7664,0.76695
64.478,0.72782,0.00044632,0.76529,0.76573
64.684,0.71557,0.00036252,0.76639,0.76675
64.89,0.75179,0.00029624,0.77145,0.77174
65.096,0.8017,0.00024176,0.77535,0.7756
65.302,0.79385,0.00019729,0.77858,0.77878
65.508,0.8001,0.00016087,0.78138,0.78154
65.714,0.79523,0.00013107,0.78324,0.78337
65.92,0.82232,0.00010675,0.78431,0.78441
66.126,0.77522,8.6546e-05,0.7824,0.78249
66.332,0.76936,7.0214e-05,0.78003,0.7801
66.538,0.74189,5.6922e-05,0.77744,0.77749
66.744,0.77035,4.6194e-05,0.7765,0.77655
66.95,0.72812,3.7491e-05,0.77569,0.77572
67.156,0.76517,3.0696e-05,0.77799,0.77803
67.362,0.87306,0.078271,0.78175,0.86002
67.568,0.85686,0.056748,0.78478,0.84153
67.774,0.83023,0.0416,0.78674,0.82834
67.98,0.74684,0.030729,0.78527,0.816
68.186,0.84301,0.023196,0.7919,0.81509
68.392,0.84674,0.017604,0.79428,0.81188
68.598,0.83928,0.013449,0.79413,0.80758
68.804,0.79819,0.010349,0.79251,0.80286
69.01,0.79797,0.0080215,0.79033,0.79835
69.216,0.80215,0.006256,0.78739,0.79365
69.422,0.7524,0.0049009,0.78312,0.78802
69.628,0.75566,0.0038891,0.78477,0.78866
69.834,0.79812,0.0031095,0.78873,0.79184
70.04,0.80831,0.0024898,0.79078,0.79327
70.246,0.79713,0.0019988,0.79231,0.79431
70.452,0.78275,0.0016093,0.79398,0.79559
70.658,0.85054,0.0013006,0.79685,0.79815
70.864,0.80451,0.001049,0.79663,0.79768
71.07,0.91475,0.082743,0.79568,0.87843
71.276,0.95455,0.22172,0.79052,1.0122
71.482,0.96626,0.15401,0.78917,0.94318
71.688,0.89512,0.10822,0.78693,0.89515
71.894,0.85914,0.07686,0.78308,0.85994
72.1,0.83365,0.055563,0.78323,0.8388
72.306,0.79233,0.040668,0.7834,0.82407
72.512,0.78123,0.030201,0.78557,0.81577
72.718,0.82581,0.022738,0.78958,0.81232
72.924,0.84171,0.017215,0.78961,0.80683
73.13,0.78937,0.013114,0.78669,0.7998
73.336,0.83311,0.010096,0.78508,0.79518
73.542,0.8036,0.0078422,0.78425,0.79209
73.748,0.81486,0.0061197,0.78148,0.7876
73.954,0.7988,0.004784,0.77534,0.78013
74.16,0.77696,0.0037438,0.76597,0.76971
74.366,0.73984,0.0029473,0.75781,0.76076
74.572,0.75392,0.0023309,0.75027,0.7526
74.778,0.7148,0.001855,0.74508,0.74693
74.984,0.67814,0.0014809,0.74022,0.7417
75.19,0.75003,0.0011901,0.73863,0.73982
75.396,0.75368,0.00095749,0.73649,0.73745
75.602,0.76145,0.0007748,0.73754,0.73832
75.808,0.71572,0.00062293,0.73281,0.73343
76.014,0.70888,0.00050449,0.73274,0.73325
76.22,0.68232,0.0004099,0.73424,0.73465
76.426,0.83365,0.075242,0.7397,0.81495
76.632,0.90327,0.20514,0.73955,0.94469
76.838,0.92213,0.14363,0.74388,0.88751
77.044,0.95234,0.29343,0.74689,1.0403
77.25,1.0009,0.20441,0.75632,0.96074
77.456,0.92229,0.14304,0.75964,0.90267
77.662,0.90623,0.10184,0.76654,0.86839
77.868,0.9741,0.24515,0.76947,1.0146
78.074,0.93446,0.17039,0.77201,0.9424
78.28,0.88585,0.12052,0.77825,0.89877
78.486,0.89733,0.086808,0.78887,0.87567
78.692,0.8586,0.063076,0.79649,0.85956
78.898,0.84811,0.046478,0.80541,0.85189
79.104,0.85686,0.034699,0.81523,0.84993
79.31,0.9862,0.15635,0.82684,0.98319
79.516,1.0023,0.11155,0.83621,0.94776
79.722,0.95089,0.079788,0.83709,0.91688
79.928,0.92312,0.057658,0.83602,0.89368
80.134,0.93241,0.042102,0.83332,0.87542
80.34,0.85426,0.031113,0.83069,0.8618
80.546,0.84179,0.023207,0.82637,0.84958
80.752,0.83479,0.017501,0.82237,0.83987
80.958,0.84651,0.013308,0.81722,0.83053
81.164,0.85122,0.010244,0.81486,0.82511
81.37,0.80786,0.0079141,0.80901,0.81692
81.576,0.80344,0.0061458,0.80179,0.80794
81.782,0.79424,0.0048162,0.79702,0.80183
81.988,0.76654,0.0037879,0.791,0.79478
82.194,0.77696,0.002998,0.78648,0.78948
82.4,0.76799,0.0023813,0.7818,0.78418
82.606,0.75826,0.0019084,0.78165,0.78356
82.812,0.74767,0.0015355,0.78253,0.78406
83.018,0.72614,0.0012415,0.78544,0.78668
83.224,0.74417,0.0010116,0.79297,0.79398
83.43,0.79385,0.00082719,0.80232,0.80315
83.636,0.91932,0.083718,0.81167,0.89539
83.842,0.90889,0.061062,0.82062,0.88168
84.048,0.90609,0.045055,0.82897,0.87403
84.254,0.86675,0.033422,0.8318,0.86522
84.46,0.8106,0.025291,0.84169,0.86698
84.666,0.87389,0.019399,0.85409,0.87349
84.872,1.0388,0.13238,0.86314,0.99552
85.078,1.0128,0.095083,0.87211,0.96719
85.284,0.96368,0.068812,0.8767,0.94551
85.49,0.91887,0.050348,0.87999,0.93034
85.696,0.86705,0.037355,0.88488,0.92224
85.902,0.98848,0.028034,0.88968,0.91772
86.108,1.037,0.15174,0.89328,1.045
86.314,1.0177,0.10786,0.8966,1.0045
86.52,1.0462,0.077789,0.9015,0.97929
86.726,0.96924,0.056231,0.89723,0.95346
86.932,0.95241,0.041144,0.89288,0.93402
87.138,0.92685,0.030396,0.88666,0.91705
87.344,0.89597,0.022668,0.87901,0.90168
87.55,0.87329,0.017117,0.87322,0.89034
87.756,0.83791,0.013047,0.86738,0.88043
87.962,0.82787,0.010063,0.86442,0.87448
88.168,0.80748,0.0078733,0.86726,0.87514
88.374,0.86888,0.0062394,0.87542,0.88166
88.58,0.95462,0.0049768,0.88429,0.88926
88.786,1.0274,0.10254,0.88552,0.98807
88.992,0.96619,0.073753,0.88669,0.96044
89.198,0.97897,0.053687,0.88743,0.94111
89.404,0.93736,0.039425,0.88512,0.92455
89.61,0.90121,0.029278,0.88241,0.91169
89.816,0.85884,0.021873,0.87526,0.89713
90.022,0.86949,0.016657,0.87592,0.89258
90.228,0.99731,0.12905,0.88385,1.0129
90.434,1.0653,0.092841,0.89289,0.98573
90.64,1.0045,0.067296,0.89742,0.96472
90.846,1.0015,0.049279,0.89996,0.94923
91.052,0.92845,0.036388,0.89914,0.93553
91.258,0.88646,0.027122,0.89643,0.92355
91.464,0.92754,0.0205,0.89655,0.91705
91.67,0.94328,0.015616,0.89474,0.91036
91.876,0.91658,0.011974,0.89065,0.90263
92.082,0.89125,0.0092272,0.88377,0.893
92.288,0.88204,0.0071468,0.87512,0.88226
92.494,0.87968,0.0055844,0.86872,0.87431
92.7,0.82954,0.0043771,0.86034,0.86472
92.906,0.87922,0.003467,0.85699,0.86045
93.112,0.83761,0.0027531,0.85248,0.85524
93.318,0.83875,0.0021939,0.84818,0.85038
93.524,0.85602,0.0017617,0.8479,0.84966
93.73,0.83152,0.001416,0.8466,0.84801
93.936,0.88348,0.0011411,0.84573,0.84687
94.142,0.8373,0.00091732,0.84158,0.8425
94.348,0.84468,0.00073779,0.83655,0.83729
94.554,0.8351,0.00059265,0.82983,0.83042
94.76,0.82346,0.00047785,0.82545,0.82593
94.966,0.8109,0.00038505,0.81992,0.8203
95.172,0.7985,0.00031024,0.81378,0.81409
95.378,0.81227,0.00025153,0.81243,0.81268
95.584,0.78633,0.00020391,0.81065,0.81085
95.79,0.91597,0.081645,0.81013,0.89177
95.996,0.96885,0.22297,0.80757,1.0305
96.202,0.97509,0.15575,0.81032,0.96607
96.408,0.95348,0.11039,0.81452,0.9249
96.614,0.91658,0.078964,0.81594,0.89491
96.82,0.85556,0.057065,0.8154,0.87247
97.026,0.87352,0.041822,0.81622,0.85804
97.232,0.92799,0.16606,0.81672,0.98278
97.438,0.92807,0.11763,0.8222,0.93983
97.644,0.93499,0.083905,0.82291,0.90681
97.85,0.90037,0.06045,0.82146,0.88191
98.056,0.89573,0.044024,0.81868,0.8627
98.262,0.85906,0.032352,0.81346,0.84581
98.468,0.85921,0.02408,0.80934,0.83342
98.674,0.81729,0.018066,0.80296,0.82103
98.88,0.79006,0.013656,0.79475,0.80841
99.086,0.80733,0.01048,0.79135,0.80183
99.292,0.79614,0.0080888,0.78618,0.79427
99.498,0.80671,0.0062761,0.77952,0.7858
99.704,0.76045,0.0049071,0.77403,0.77893
99.91,0.78077,0.0038565,0.76838,0.77224
100.12,0.77704,0.0030534,0.76494,0.76799
100.32,0.71853,0.0024236,0.76041,0.76283
100.53,0.72113,0.0019345,0.75763,0.75957
100.73,0.75201,0.0015527,0.75698,0.75853
100.94,0.78572,0.0012498,0.7568,0.75805
101.15,0.75901,0.0010056,0.75475,0.75576
101.35,0.73185,0.00080985,0.75223,0.75304
101.56,0.73748,0.00065756,0.755,0.75565
101.76,0.73535,0.00053287,0.75529,0.75582
101.97,0.75133,0.00043321,0.75759,0.75802
102.18,0.74295,0.00035316,0.76135,0.7617
102.38,0.77651,0.00028902,0.76764,0.76793
102.59,0.78473,0.00023687,0.77476,0.775
102.79,0.75422,0.00019336,0.77846,0.77866
103,0.8017,0.00015849,0.78506,0.78522
103.21,0.86408,0.079695,0.79198,0.87168
103.41,0.98871,0.21958,0.7959,1.0155
103.62,0.98658,0.15438,0.80378,0.95816
103.82,0.89307,0.10939,0.80777,0.91716
104.03,0.85586,0.078727,0.81405,0.89278
104.24,0.8933,0.057714,0.8252,0.88292
104.44,0.92312,0.042715,0.83416,0.87688
104.65,0.89102,0.031968,0.84253,0.8745
104.85,0.8898,0.024052,0.84587,0.86992
105.06,0.87908,0.0183,0.84965,0.86795
105.27,0.91742,0.014052,0.85296,0.86701
105.47,0.86523,0.010818,0.85088,0.86169
105.68,0.83487,0.008419,0.85131,0.85973
105.88,0.83167,0.0065857,0.8501,0.85669
106.09,0.81531,0.0052105,0.85338,0.85859
106.3,0.92906,0.10044,0.85833,0.95877
106.5,0.96482,0.072848,0.86702,0.93987
106.71,0.96893,0.05347,0.87532,0.92879
106.91,0.90144,0.039369,0.87568,0.91505
107.12,0.91483,0.029407,0.87839,0.9078
107.33,0.90897,0.022241,0.88236,0.9046
107.53,0.93864,0.016973,0.88517,0.90215
107.74,0.92982,0.012948,0.87931,0.89226
107.94,0.83958,0.010001,0.87698,0.88698
108.15,0.9665,0.11357,0.87564,0.9892
108.36,1.136,0.27477,0.87363,1.1484
108.56,1.0419,0.19015,0.8723,1.0624
108.77,1.0325,0.1338,0.87447,1.0083
108.97,1.0013,0.095459,0.87757,0.97303
109.18,0.95059,0.068785,0.8783,0.94708
109.39,0.93089,0.050165,0.87867,0.92883
109.59,0.89566,0.037039,0.8792,0.91624
109.8,0.89877,0.027619,0.87826,0.90588
110,1.022,0.1494,0.88006,1.0295
110.21,1.0031,0.10572,0.87937,0.98509
110.42,1.0965,0.26627,0.88121,1.1475
110.62,1.0616,0.18578,0.88587,1.0716
110.83,1.022,0.13031,0.88401,1.0143
111.03,0.99631,0.092819,0.88454,0.97736
111.24,0.95356,0.066863,0.88382,0.95069
111.45,0.96071,0.048793,0.88356,0.93235
111.65,1.1254,0.18574,0.88588,1.0716
111.86,1.1375,0.36297,0.8801,1.2431
112.06,1.1257,0.25039,0.88393,1.1343
112.27,1.0645,0.17424,0.88431,1.0585
112.48,1.0242,0.12299,0.8861,1.0091
112.68,0.99465,0.087758,0.8862,0.97396
112.89,0.9652,0.063318,0.88495,0.94827
113.09,0.96094,0.046217,0.883,0.92922
113.3,0.95036,0.034242,0.88367,0.91791
113.51,0.90889,0.025524,0.87962,0.90514
113.71,0.87961,0.01923,0.87557,0.8948
113.92,0.97197,0.13214,0.86986,1.002
114.12,0.9566,0.093694,0.86738,0.96108
114.33,0.97204,0.067235,0.86431,0.93155
114.54,0.91254,0.04889,0.86189,0.91078
114.74,0.90266,0.035944,0.85855,0.89449
114.95,0.8685,0.026637,0.85212,0.87875
115.15,0.84049,0.019961,0.84593,0.86589
115.36,0.87367,0.015182,0.84387,0.85905
115.57,0.83274,0.011643,0.84094,0.85258
115.77,0.83609,0.0090039,0.83818,0.84718
115.98,0.84811,0.007014,0.83537,0.84239
116.18,0.83684,0.0054925,0.83161,0.8371
116.39,0.8424,0.0043437,0.83146,0.83581
116.6,0.81524,0.0034476,0.83036,0.83381
116.8,0.80596,0.0027558,0.83182,0.83458
117.01,0.8147,0.0022158,0.83527,0.83749
117.21,0.94884,0.090221,0.8367,0.92692
117.42,0.92556,0.064974,0.83664,0.90161
117.63,0.87908,0.047296,0.83514,0.88243
117.83,0.88554,0.034877,0.83435,0.86923
118.04,0.90129,0.026074,0.83535,0.86143
118.24,0.84171,0.019554,0.82991,0.84946
118.45,0.86774,0.014867,0.82749,0.84236
118.66,0.83966,0.011382,0.82322,0.8346
118.86,0.83844,0.0087649,0.81698,0.82575
119.07,0.7842,0.0068089,0.81198,0.81879
119.27,0.79257,0.0053287,0.8078,0.81313
119.48,0.77758,0.0041957,0.80411,0.8083
119.69,0.81409,0.0033267,0.80222,0.80554
119.89,0.81311,0.0026484,0.80032,0.80297
120.1,0.8179,0.0021237,0.80146,0.80359
120.3,0.78191,0.0017052,0.80141,0.80312
120.51,0.77651,0.0013737,0.80223,0.8036
120.72,0.8322,0.0011081,0.80234,0.80345
120.92,0.81227,0.00089312,0.80051,0.8014
121.13,0.8179,0.00072181,0.79989,0.80061
121.33,0.75879,0.00058293,0.79767,0.79826
121.54,0.78953,0.00047255,0.79775,0.79822
121.75,0.84408,0.081271,0.79816,0.87943
121.95,0.87717,0.05873,0.79913,0.85786
122.16,0.84635,0.042893,0.79865,0.84155
122.36,0.79995,0.031687,0.79772,0.8294
122.57,0.81334,0.023687,0.79705,0.82074
122.78,0.79537,0.017927,0.79768,0.81561
122.98,0.7848,0.013712,0.79885,0.81256
123.19,0.78427,0.010633,0.80379,0.81442
123.39,0.78404,0.0082916,0.80671,0.815
123.6,0.93324,0.1033,0.81262,0.91592
123.81,0.92518,0.074446,0.8182,0.89264
124.01,0.90623,0.054256,0.82265,0.8769
124.22,0.86134,0.039772,0.82179,0.86156
124.42,0.84643,0.029539,0.82196,0.8515
124.63,0.80778,0.022228,0.82366,0.84589
124.84,0.83844,0.016952,0.82777,0.84472
125.04,0.88569,0.013067,0.8327,0.84576
125.25,0.88014,0.010157,0.83745,0.84761
125.45,0.93864,0.10974,0.83562,0.94537
125.66,0.93864,0.078277,0.83369,0.91197
125.87,0.89482,0.056685,0.83389,0.89058
126.07,0.90364,0.041545,0.83383,0.87537
126.28,0.88774,0.030733,0.83159,0.86232
126.48,0.84141,0.022878,0.82522,0.84809
126.69,0.82208,0.017204,0.81855,0.83576
126.9,0.80869,0.013047,0.81086,0.82391
127.1,0.79287,0.01004,0.80798,0.81802
127.31,0.83616,0.007794,0.80579,0.81358
127.51,0.83236,0.0060756,0.80137,0.80744
127.72,0.795,0.0047684,0.79763,0.8024
127.93,0.82612,0.0037615,0.79376,0.79752
128.13,0.82117,0.0029716,0.78766,0.79063
128.34,0.81638,0.0023447,0.77766,0.78001
128.54,0.80139,0.001853,0.76663,0.76848
128.75,0.81181,0.0014654,0.75418,0.75565
128.96,0.68163,0.0011508,0.73527,0.73642
129.16,0.66094,0.00091296,0.72275,0.72366
129.37,0.66809,0.00072694,0.71195,0.71268
129.57,0.68126,0.00058305,0.70559,0.70617
129.78,0.68339,0.00046903,0.70077,0.70124
129.99,0.73969,0.071459,0.70019,0.77165
130.19,0.73322,0.051644,0.70116,0.7528
130.4,0.837,0.16736,0.70413,0.8715
130.6,0.851,0.11757,0.70683,0.8244
130.81,0.83692,0.083364,0.70714,0.7905
131.02,0.78868,0.059764,0.70626,0.76602
131.22,0.78511,0.043261,0.70335,0.74661
131.43,0.76982,0.031652,0.69941,0.73106
131.63,0.61871,0.023306,0.69176,0.71506
131.84,0.64268,0.017502,0.6901,0.7076
132.05,0.69692,0.013356,0.69245,0.70581
132.25,0.68187,0.010305,0.69588,0.70619
132.46,0.66109,0.0080691,0.70371,0.71178
132.66,0.80543,0.093087,0.71695,0.81003
132.87,0.78838,0.067611,0.72806,0.79567
133.08,0.83548,0.049641,0.73804,0.78768
133.28,0.77841,0.036659,0.7433,0.77996
133.49,0.78381,0.027494,0.75127,0.77877
133.69,0.78267,0.020862,0.75964,0.7805
133.9,0.75254,0.015972,0.76687,0.78284
134.11,0.83951,0.012399,0.77741,0.78981
134.31,0.96885,0.10968,0.78541,0.89509
134.52,1.0105,0.25738,0.78642,1.0438
134.72,1.1829,0.42833,0.78769,1.216
134.93,1.1156,0.29536,0.79792,1.0933
135.14,1.0675,0.20446,0.80131,1.0058
135.34,1.068,0.36774,0.79158,1.1593
135.55,1.0235,0.2518,0.79219,1.044
135.75,0.94085,0.17504,0.79486,0.9699
135.96,0.96078,0.12402,0.8026,0.92662
136.17,0.93545,0.088918,0.80973,0.89865
136.37,0.91993,0.064336,0.81403,0.87837
136.58,0.83761,0.046918,0.81461,0.86152
136.78,0.85054,0.034727,0.8174,0.85213
136.99,0.81995,0.025952,0.81856,0.84451
137.2,0.83974,0.019625,0.8205,0.84013
137.4,0.85107,0.014993,0.82246,0.83746
137.61,0.81752,0.01155,0.82374,0.83529
137.81,0.86012,0.0089936,0.82698,0.83597
138.02,0.93446,0.0070419,0.82872,0.83576
138.23,0.82049,0.0055099,0.82457,0.83008
138.43,0.79531,0.0043386,0.82106,0.8254
138.64,0.81912,0.0034415,0.81967,0.82311
138.84,0.80527,0.0027372,0.81714,0.81988
139.05,0.86835,0.089352,0.81405,0.9034
139.26,0.85541,0.063915,0.80906,0.87297
139.46,0.85929,0.046273,0.80375,0.85003
139.67,0.82802,0.033834,0.7967,0.83053
139.87,0.79697,0.025072,0.79114,0.81621
140.08,0.80336,0.018805,0.7865,0.80531
140.29,0.75672,0.014212,0.77995,0.79416
140.49,0.8039,0.010915,0.77874,0.78965
140.7,0.85967,0.10557,0.77908,0.88465
140.9,0.87375,0.075455,0.7798,0.85526
141.11,0.88638,0.0545,0.77887,0.83337
141.32,0.80999,0.039638,0.77371,0.81335
141.52,0.8074,0.029153,0.768,0.79715
141.73,0.78671,0.021714,0.7633,0.78501
141.93,0.76396,0.016329,0.75784,0.77417
142.14,0.7651,0.012379,0.75108,0.76346
142.35,0.73954,0.00951,0.74773,0.75724
142.55,0.73139,0.0073606,0.74399,0.75135
142.76,0.71192,0.0057371,0.74029,0.74603
142.96,0.72059,0.0045081,0.73807,0.74258
143.17,0.74417,0.0035668,0.73706,0.74062
143.38,0.71389,0.0028418,0.73787,0.74072
143.58,0.81425,0.082347,0.74102,0.82337
143.79,0.85617,0.059593,0.74543,0.80502
143.99,0.78937,0.043501,0.747,0.7905
144.2,0.8144,0.032161,0.74902,0.78119
144.41,0.78633,0.023942,0.74752,0.77146
144.61,0.76654,0.017995,0.74497,0.76297
144.82,0.73482,0.01363,0.74063,0.75426
145.02,0.7406,0.01042,0.73634,0.74676
145.23,0.75254,0.0080819,0.73657,0.74465
145.44,0.72515,0.0063032,0.73541,0.74171
145.64,0.72599,0.0049496,0.73451,0.73946
145.85,0.69822,0.0039101,0.73389,0.7378
146.05,0.74623,0.003114,0.7357,0.73881
146.26,0.75666,0.0024903,0.73755,0.74004
146.47,0.72912,0.0019905,0.73646,0.73845
