0,0.80423,-5.9605e-08,0.82653,0.82653
0.206,0.75065,0,0.82775,0.82775
0.412,0.83126,0,0.83533,0.83533
0.618,0.85611,0,0.84249,0.84249
0.824,0.8836,-5.9605e-08,0.85112,0.85112
1.03,0.88516,0,0.85553,0.85553
1.236,0.86388,5.9605e-08,0.8594,0.8594
1.442,0.87614,5.9605e-08,0.86415,0.86415
1.648,0.85937,-5.9605e-08,0.86915,0.86915
1.854,0.89105,0,0.87203,0.87203
2.06,1.2387,0.2869,0.87468,1.1616
2.266,1.285,0.47285,0.86833,1.3412
2.472,1.2128,0.32242,0.86982,1.1922
2.678,1.1026,0.2225,0.87085,1.0933
2.884,1.0599,0.15582,0.87368,1.0295
3.09,1.0622,0.10983,0.8711,0.98093
3.296,1.077,0.26625,0.85935,1.1256
3.502,1.036,0.18453,0.85886,1.0434
3.708,0.95459,0.12904,0.85522,0.98426
3.914,0.90923,0.091767,0.85507,0.94684
4.12,0.94155,0.06628,0.85737,0.92365
4.326,0.9257,0.048439,0.85907,0.90751
4.532,0.93083,0.035799,0.86003,0.89583
4.738,0.86931,0.026647,0.8572,0.88384
4.944,0.85208,0.020074,0.85532,0.8754
5.15,0.85969,0.015283,0.85386,0.86914
5.356,0.82194,0.011756,0.85338,0.86514
5.562,0.86915,0.0091447,0.85541,0.86456
5.768,0.87568,0.0071648,0.85736,0.86453
5.974,0.91965,0.0056459,0.85878,0.86442
6.18,0.83731,0.0044555,0.85671,0.86116
6.386,0.87288,0.0035386,0.85604,0.85958
6.592,0.89728,0.0028162,0.85371,0.85653
6.798,0.89604,0.0022462,0.85037,0.85262
7.004,0.86434,0.0017968,0.84714,0.84894
7.21,0.84012,0.0014364,0.84131,0.84275
7.416,0.84058,0.0011482,0.83387,0.83502
7.622,0.85891,0.00092113,0.82815,0.82907
7.828,0.81449,0.0007363,0.81825,0.81898
8.034,0.8193,0.00059015,0.81003,0.81062
8.24,0.74163,0.00047153,0.79858,0.79905
8.446,0.81992,0.0003795,0.79252,0.7929
8.652,0.75654,0.00030422,0.78264,0.78294
8.858,0.77876,0.00024503,0.77633,0.77657
9.064,0.73324,0.00019687,0.76795,0.76815
9.27,0.77892,0.0001592,0.76416,0.76431
9.476,0.74287,0.00012839,0.75783,0.75796
9.682,0.71149,0.00010329,0.75082,0.75092
9.888,0.71771,8.3923e-05,0.74941,0.7495
10.094,0.77037,6.8188e-05,0.74928,0.74934
10.3,0.78403,5.5373e-05,0.74719,0.74725
10.506,0.74971,4.4703e-05,0.74155,0.7416
10.712,0.73806,3.5942e-05,0.73379,0.73382
10.918,0.68292,2.9027e-05,0.728,0.72803
11.124,0.72594,2.3425e-05,0.72378,0.7238
11.33,0.7028,1.9014e-05,0.7184,0.71842
11.536,0.68028,1.5318e-05,0.71763,0.71765
11.742,0.70001,1.2577e-05,0.71868,0.71869
11.948,0.75141,1.0252e-05,0.72066,0.72067
12.154,0.68991,8.2254e-06,0.71629,0.71629
12.36,0.75438,6.7353e-06,0.71727,0.71728
12.566,0.73199,5.424e-06,0.71545,0.71546
12.772,0.68292,4.3511e-06,0.71161,0.71161
12.978,0.72205,3.6359e-06,0.70878,0.70879
13.184,0.65994,2.9206e-06,0.70436,0.70436
13.39,0.6809,2.3246e-06,0.70249,0.70249
13.596,0.71476,1.9073e-06,0.70637,0.70638
13.802,0.73853,1.6093e-06,0.70617,0.70617
14.008,0.70404,1.2517e-06,0.70399,0.70399
14.214,0.69162,1.0133e-06,0.70603,0.70604
14.42,0.71538,8.3447e-07,0.70471,0.70471
14.626,0.7028,6.5565e-07,0.70274,0.70274
14.832,0.72005,5.3644e-07,0.70471,0.70471
15.038,0.70466,4.1723e-07,0.70167,0.70167
15.244,0.70669,2.9802e-07,0.7021,0.7021
15.45,0.70793,2.9802e-07,0.70189,0.70189
15.656,0.70855,2.3842e-07,0.70072,0.70072
15.862,0.7025,1.1921e-07,0.69826,0.69826
16.068,0.72051,1.7881e-07,0.69453,0.69453
16.274,0.65403,1.7881e-07,0.68782,0.68782
16.48,0.64377,5.9605e-08,0.68213,0.68213
16.686,0.63275,5.9605e-08,0.6824,0.6824
16.892,0.68557,5.9605e-08,0.68623,0.68623
17.098,0.68184,1.1921e-07,0.69082,0.69082
17.304,0.69845,1.1921e-07,0.69279,0.69279
17.51,0.6722,0,0.69519,0.69519
17.716,0.68757,0,0.70008,0.70008
17.922,0.70606,0,0.70709,0.70709
18.128,0.74349,-5.9605e-08,0.71174,0.71174
18.334,0.716,0,0.71545,0.71545
18.54,0.73185,5.9605e-08,0.71992,0.71992
18.746,0.74271,0,0.72418,0.72418
18.952,0.691,0,0.72563,0.72563
19.158,0.67096,0,0.73016,0.73016
19.364,0.7873,0.073633,0.73633,0.80997
19.57,0.77582,0.053846,0.74553,0.79937
19.776,0.8092,0.039847,0.75444,0.79429
19.982,0.78622,0.029744,0.76093,0.79067
20.188,0.77612,0.022478,0.76818,0.79065
20.394,0.81371,0.017271,0.78004,0.79731
20.6,1.107,0.33124,0.78713,1.1184
20.806,1.0149,0.22975,0.79539,1.0251
21.012,1.0105,0.16199,0.80683,0.96882
21.218,0.9142,0.11501,0.81367,0.92868
21.424,0.93223,0.082857,0.82221,0.90506
21.63,0.90053,0.060088,0.82579,0.88588
21.836,0.86715,0.044135,0.82969,0.87382
22.042,0.86574,0.032885,0.83554,0.86843
22.248,0.86388,0.024662,0.83725,0.86192
22.454,0.87009,0.018736,0.84086,0.85959
22.66,0.87584,0.014379,0.84465,0.85903
22.866,0.89277,0.011137,0.8486,0.85974
23.072,0.89432,0.0086753,0.8506,0.85927
23.278,0.83064,0.0067832,0.84972,0.85651
23.484,0.87709,0.0053421,0.84968,0.85503
23.69,0.86434,0.0042192,0.84751,0.85173
23.896,0.80936,0.0033408,0.84365,0.84699
24.102,0.79134,0.002663,0.84208,0.84475
24.308,0.81713,0.0021359,0.84302,0.84515
24.514,0.85643,0.0017208,0.84541,0.84713
24.72,0.87212,0.0013898,0.8479,0.84929
24.926,0.85146,0.0011224,0.84871,0.84984
25.132,0.93145,0.088287,0.84886,0.93715
25.338,0.92229,0.063651,0.84858,0.91223
25.544,0.95459,0.04638,0.8468,0.89318
25.75,0.88284,0.033989,0.83965,0.87364
25.956,0.87755,0.025072,0.82848,0.85355
26.162,0.821,0.018706,0.81792,0.83663
26.368,0.84368,0.014125,0.80913,0.82325
26.574,0.81589,0.010717,0.79699,0.80771
26.78,0.77379,0.0081958,0.78483,0.79302
26.986,0.76013,0.0063269,0.77456,0.78088
27.192,0.71212,0.0049034,0.76264,0.76754
27.398,0.75297,0.0038474,0.75606,0.75991
27.604,0.716,0.0030278,0.74827,0.7513
27.81,0.71119,0.0024123,0.7468,0.74921
28.016,0.72486,0.0019333,0.74726,0.74919
28.222,0.72813,0.0015569,0.74923,0.75078
28.428,0.7651,0.0012599,0.75312,0.75438
28.634,0.75516,0.0010156,0.75262,0.75364
28.84,0.75856,0.00082493,0.75661,0.75743
29.046,0.76275,0.00066727,0.75652,0.75719
29.252,0.75516,0.00054008,0.7562,0.75674
29.458,0.7685,0.00043774,0.75607,0.7565
29.664,0.80531,0.00035459,0.75521,0.75557
29.87,0.7682,0.00028628,0.75083,0.75112
30.076,0.72594,0.00023174,0.74844,0.74867
30.282,0.7581,0.00018781,0.74671,0.7469
30.488,0.73512,0.00015193,0.74346,0.74362
30.694,0.75438,0.00012296,0.73993,0.74005
30.9,0.74987,9.9182e-05,0.73459,0.73469
31.106,0.71695,8.0287e-05,0.7311,0.73118
31.312,0.72268,6.5029e-05,0.72738,0.72744
31.518,0.72097,5.2571e-05,0.72294,0.72299
31.724,0.69907,4.2439e-05,0.71769,0.71774
31.93,0.69767,3.4451e-05,0.71684,0.71687
32.136,0.71522,2.7955e-05,0.7168,0.71683
32.342,0.69178,2.2769e-05,0.71653,0.71656
32.548,0.71833,1.8537e-05,0.7177,0.71772
32.754,0.65916,1.514e-05,0.71872,0.71873
32.96,0.7146,1.2398e-05,0.72397,0.72398
33.166,0.69629,1.0073e-05,0.72735,0.72736
33.372,0.73324,8.3447e-06,0.734,0.734
33.578,0.77006,6.8545e-06,0.74262,0.74263
33.784,0.79523,5.6028e-06,0.74645,0.74646
33.99,0.7595,4.5896e-06,0.74823,0.74824
34.196,0.77906,3.7551e-06,0.74986,0.74986
34.402,0.74552,3.0994e-06,0.75031,0.75031
34.608,0.85891,0.075145,0.75136,0.8265
34.814,1.006,0.20633,0.75014,0.95647
35.02,1.0374,0.36183,0.7433,1.1051
35.226,0.97136,0.247,0.74273,0.98972
35.432,0.9069,0.17084,0.74259,0.91342
35.638,0.83593,0.11998,0.74441,0.86439
35.844,0.89354,0.085519,0.74778,0.83329
36.05,0.81309,0.061728,0.75109,0.81282
36.256,0.83483,0.045154,0.75506,0.80021
36.462,0.8836,0.16286,0.75115,0.914
36.668,0.86404,0.11468,0.75344,0.86812
36.874,0.83048,0.081592,0.75387,0.83546
37.08,0.79321,0.058812,0.7546,0.81341
37.286,0.82924,0.043055,0.75765,0.8007
37.492,0.81122,0.031875,0.76003,0.7919
37.698,0.80703,0.023806,0.76026,0.78407
37.904,0.77768,0.017958,0.75984,0.7778
38.11,0.7988,0.013671,0.75866,0.77233
38.316,0.81122,0.010484,0.75612,0.7666
38.522,0.75017,0.0080613,0.74933,0.75739
38.728,0.75065,0.0062677,0.74543,0.7517
38.934,0.74784,0.0048953,0.74017,0.74506
39.14,0.70699,0.0038362,0.73331,0.73715
39.346,0.71274,0.0030404,0.73133,0.73437
39.552,0.77706,0.0024253,0.73109,0.73351
39.758,0.70498,0.0019314,0.72718,0.72911
39.964,0.69629,0.0015436,0.72378,0.72532
40.17,0.7261,0.0012388,0.72167,0.7229
40.376,0.72672,0.0009954,0.71905,0.72004
40.582,0.67966,0.00080472,0.71963,0.72044
40.788,0.7028,0.00065362,0.7227,0.72335
40.994,0.70063,0.00052983,0.72324,0.72377
41.2,0.71382,0.00043082,0.7258,0.72623
41.406,0.74333,0.00035155,0.73,0.73035
41.612,0.74257,0.000287,0.73441,0.73469
41.818,0.74955,0.00023443,0.73883,0.73907
42.024,0.76524,0.00019038,0.73859,0.73878
42.23,0.71368,0.00015444,0.73671,0.73687
42.436,0.71041,0.00012606,0.74016,0.74029
42.642,0.75203,0.00010276,0.74148,0.74159
42.848,0.73574,8.3625e-05,0.74247,0.74256
43.054,0.74366,6.8128e-05,0.74402,0.74409
43.26,0.74396,5.5492e-05,0.74572,0.74577
43.466,0.79259,4.524e-05,0.74752,0.74757
43.672,0.73199,3.6895e-05,0.74637,0.74641
43.878,0.76974,2.9802e-05,0.74565,0.74568
44.084,0.7584,2.414e-05,0.74286,0.74289
44.29,0.75918,1.961e-05,0.73821,0.73822
44.496,0.75189,1.5795e-05,0.73104,0.73105
44.702,0.71662,1.2696e-05,0.72499,0.72501
44.908,0.67655,1.0252e-05,0.71796,0.71797
45.114,0.68478,8.3447e-06,0.71641,0.71642
45.32,0.71352,6.7353e-06,0.71647,0.71647
45.526,0.74241,5.5432e-06,0.7165,0.7165
45.732,0.70388,4.4703e-06,0.71433,0.71433
45.938,0.67857,3.6359e-06,0.71211,0.71212
46.144,0.73837,2.9206e-06,0.71166,0.71166
46.35,0.71646,2.3246e-06,0.7091,0.70911
46.556,0.68867,1.9073e-06,0.70534,0.70534
46.762,0.68897,1.6093e-06,0.70198,0.70198
46.968,0.65962,1.1921e-06,0.70299,0.70299
47.174,0.66801,9.5367e-07,0.7068,0.7068
47.38,0.72859,8.9407e-07,0.70914,0.70914
47.586,0.70218,7.1526e-07,0.71085,0.71085
47.792,0.70747,5.9605e-07,0.71345,0.71345
47.998,0.74846,4.1723e-07,0.71674,0.71674
48.204,0.73526,2.9802e-07,0.71844,0.71844
48.41,0.73806,2.9802e-07,0.71898,0.71898
48.616,0.73061,2.3842e-07,0.71777,0.71777
48.822,0.70218,1.1921e-07,0.71484,0.71484
49.028,0.6924,1.1921e-07,0.71174,0.71174
49.234,0.67779,1.7881e-07,0.70914,0.70914
49.44,0.716,5.9605e-08,0.70828,0.70828
49.646,0.69815,5.9605e-08,0.70688,0.70688
49.852,0.69705,5.9605e-08,0.70606,0.70606
50.058,0.71632,1.1921e-07,0.70605,0.70605
50.264,0.67779,5.9605e-08,0.70565,0.70565
50.47,0.71741,-5.9605e-08,0.70738,0.70738
50.676,0.72019,0,0.70905,0.70905
50.882,0.74179,0,0.7104,0.7104
51.088,0.7025,0,0.71,0.71
51.294,0.75375,0,0.71015,0.71015
51.5,0.68867,0,0.70725,0.70725
51.706,0.6826,0,0.70522,0.70522
51.912,0.75748,0,0.70474,0.70474
52.118,0.70498,0,0.7008,0.7008
52.324,0.62948,0,0.69711,0.69711
52.53,0.69162,0,0.69872,0.69872
52.736,0.69829,0,0.70087,0.70087
52.942,0.66863,0,0.70276,0.70276
53.148,0.75934,0,0.70462,0.70462
53.354,0.76742,0,0.714,0.714
53.56,0.79383,0.072194,0.72194,0.79413
53.766,0.82691,0.05256,0.72772,0.78028
53.972,0.82567,0.038643,0.73165,0.77029
54.178,0.85875,0.15083,0.7327,0.88353
54.384,1.0319,0.29864,0.73205,1.0307
54.59,0.97277,0.20577,0.73412,0.93989
54.796,0.87895,0.14276,0.73199,0.87475
55.002,0.83204,0.10011,0.72839,0.82851
55.208,0.79786,0.07063,0.72001,0.79064
55.414,0.85052,0.1945,0.71397,0.90847
55.62,0.84276,0.13497,0.71138,0.84635
55.826,0.79335,0.094975,0.70961,0.80459
56.032,0.75359,0.067652,0.70752,0.77517
56.238,0.79305,0.048902,0.70691,0.75581
56.444,0.74568,0.035672,0.70399,0.73967
56.65,0.76337,0.026474,0.70483,0.73131
56.856,0.73091,0.019652,0.69788,0.71753
57.062,0.69364,0.014801,0.69368,0.70848
57.268,0.67282,0.011247,0.68895,0.70019
57.474,0.72346,0.0086469,0.68613,0.69478
57.68,0.71149,0.0067133,0.68464,0.69135
57.886,0.64533,0.0052286,0.68055,0.68577
58.092,0.63523,0.0041057,0.67793,0.68203
58.298,0.67531,0.0032541,0.67801,0.68127
58.504,0.70622,0.0025952,0.67934,0.68194
58.71,0.6725,0.0020729,0.6791,0.68117
58.916,0.70218,0.0016618,0.6792,0.68086
59.122,0.6691,0.0013325,0.6776,0.67893
59.328,0.6621,0.0010709,0.67612,0.67719
59.534,0.59872,0.00086319,0.67526,0.67612
59.74,0.71212,0.00070256,0.6801,0.6808
59.946,0.7132,0.00057173,0.68392,0.68449
60.152,0.69643,0.00046492,0.68644,0.68691
60.358,0.67949,0.00037801,0.68849,0.68887
60.564,0.66459,0.00030613,0.68723,0.68754
60.77,0.71584,0.0002501,0.69161,0.69186
60.976,0.70512,0.00020289,0.69091,0.69112
61.182,0.684,0.00016457,0.68927,0.68944
61.388,0.57931,0.0001334,0.68795,0.68809
61.594,0.67064,0.00010949,0.69502,0.69512
61.8,0.72937,9.048e-05,0.70601,0.7061
62.006,0.6823,7.4446e-05,0.7149,0.71497
62.212,0.79056,0.073089,0.72853,0.80162
62.418,0.95024,0.2045,0.74234,0.94684
62.624,0.95195,0.14488,0.75538,0.90026
62.83,0.91047,0.10332,0.76402,0.86734
63.036,0.86699,0.074425,0.7706,0.84503
63.242,0.89728,0.053938,0.77221,0.82615
63.448,0.82691,0.039365,0.7697,0.80907
63.654,0.74846,0.029042,0.76633,0.79537
63.86,0.82024,0.021834,0.76873,0.79056
64.066,0.78187,0.016598,0.77152,0.78812
64.272,0.87117,0.11573,0.76633,0.88206
64.478,1.1124,0.26381,0.77221,1.036
64.684,1.1458,0.42677,0.76329,1.1901
64.89,1.0716,0.29005,0.76274,1.0528
65.096,0.98675,0.19871,0.75874,0.95745
65.302,1.0153,0.35385,0.74948,1.1033
65.508,0.98643,0.24395,0.75561,0.99956
65.714,0.93501,0.16964,0.75878,0.92842
65.92,0.90209,0.11985,0.76438,0.88423
66.126,0.88284,0.085982,0.77208,0.85807
66.332,0.89542,0.062034,0.77438,0.83641
66.538,0.79475,0.045095,0.77285,0.81795
66.744,0.84787,0.033265,0.77326,0.80653
66.95,0.7786,0.024694,0.76959,0.79428
67.156,0.81339,0.018569,0.76741,0.78598
67.362,0.79305,0.014129,0.76648,0.78061
67.568,0.79756,0.010822,0.76352,0.77434
67.774,0.77922,0.0083383,0.75873,0.76707
67.98,0.73806,0.0064501,0.75139,0.75784
68.186,0.77099,0.0050458,0.74766,0.7527
68.392,0.72999,0.0039544,0.74112,0.74507
68.598,0.74754,0.0031114,0.73401,0.73712
68.804,0.74816,0.0024657,0.72922,0.73169
69.01,0.68509,0.0019538,0.72191,0.72386
69.216,0.7873,0.0015553,0.71579,0.71735
69.422,0.65122,0.0012358,0.70683,0.70807
69.628,0.76027,0.00098693,0.70002,0.70101
69.834,0.71508,0.00078726,0.69141,0.6922
70.04,0.65278,0.00062507,0.6787,0.67932
70.246,0.67266,0.00049895,0.66909,0.66959
70.452,0.69845,0.00039941,0.66089,0.66129
70.658,0.66056,0.00031745,0.64752,0.64784
70.864,0.63275,0.00025225,0.63407,0.63432
71.07,0.522,0.00020069,0.62136,0.62156
71.276,0.56362,0.00016177,0.61662,0.61679
71.482,0.5133,0.00013095,0.61419,0.61432
71.688,0.61752,0.00010717,0.61845,0.61856
71.894,0.64425,8.7857e-05,0.62369,0.62378
72.1,0.59734,7.1645e-05,0.62505,0.62512
72.306,0.62762,5.8651e-05,0.62927,0.62933
72.512,0.68495,4.8101e-05,0.63473,0.63478
72.718,0.60199,3.9279e-05,0.63677,0.63681
72.924,0.62311,3.2127e-05,0.64165,0.64169
73.13,0.67779,2.6345e-05,0.64602,0.64605
73.336,0.64952,2.1577e-05,0.64889,0.64891
73.542,0.69861,1.7643e-05,0.65201,0.65203
73.748,0.66521,1.4365e-05,0.65421,0.65423
73.954,0.66381,1.1742e-05,0.6557,0.65571
74.16,0.69861,9.4175e-06,0.65188,0.65189
74.366,0.57372,7.6294e-06,0.64888,0.64889
74.572,0.62902,6.3181e-06,0.64966,0.64967
74.778,0.67174,5.126e-06,0.65156,0.65156
74.984,0.67749,4.1723e-06,0.65204,0.65205
75.19,0.66988,3.4571e-06,0.65042,0.65042
75.396,0.63461,2.6822e-06,0.64658,0.64658
75.602,0.6736,2.2054e-06,0.64246,0.64246
75.808,0.57636,1.6689e-06,0.63505,0.63505
76.014,0.61752,1.4305e-06,0.63461,0.63461
76.22,0.62964,1.1921e-06,0.635,0.635
76.426,0.61317,9.5367e-07,0.63557,0.63557
76.632,0.63866,7.7486e-07,0.63746,0.63746
76.838,0.64625,5.9605e-07,0.63925,0.63925
77.044,0.63056,5.3644e-07,0.63643,0.63643
77.25,0.65821,4.1723e-07,0.63783,0.63783
77.456,0.64782,3.5763e-07,0.63762,0.63762
77.662,0.62964,2.9802e-07,0.63607,0.63607
77.868,0.60976,2.3842e-07,0.63411,0.63411
78.074,0.63958,1.1921e-07,0.63308,0.63308
78.28,0.61503,1.1921e-07,0.63107,0.63107
78.486,0.60836,1.1921e-07,0.62958,0.62958
78.692,0.63259,5.9605e-08,0.62928,0.62928
78.898,0.64998,5.9605e-08,0.62875,0.62875
79.104,0.57855,0,0.62661,0.62661
79.31,0.61301,5.9605e-08,0.62766,0.62766
79.516,0.66024,0,0.63035,0.63035
79.722,0.6267,0,0.63168,0.63168
79.928,0.63213,-5.9605e-08,0.63372,0.63372
80.134,0.595,0,0.63627,0.63627
80.34,0.64114,0,0.64227,0.64227
80.546,0.66877,0,0.64546,0.64546
80.752,0.64347,0,0.64803,0.64803
80.958,0.59205,0,0.65167,0.65167
81.164,0.67096,0,0.66054,0.66054
81.37,0.67453,0,0.66643,0.66643
81.576,0.67779,-5.9605e-08,0.67343,0.67343
81.782,0.69907,0,0.67734,0.67734
81.988,0.91794,0.22345,0.68126,0.90472
82.194,0.80874,0.1554,0.68454,0.83993
82.4,0.79802,0.11017,0.69239,0.80256
82.606,0.75405,0.079055,0.69988,0.77893
82.812,0.72454,0.057701,0.71052,0.76822
83.018,0.74536,0.042711,0.72244,0.76515
83.224,0.92988,0.15864,0.73529,0.89393
83.43,1.0242,0.31216,0.74408,1.0562
83.636,1.0186,0.21728,0.75449,0.97177
83.842,0.95211,0.15179,0.75818,0.90997
84.048,0.88827,0.1072,0.76055,0.86775
84.254,0.86094,0.076422,0.76038,0.83681
84.46,0.83531,0.055012,0.75799,0.813
84.666,0.82286,0.039985,0.75354,0.79353
84.872,0.76105,0.029308,0.74642,0.77573
85.078,0.75468,0.021811,0.74217,0.76398
85.284,0.76664,0.016417,0.7384,0.75482
85.49,0.7654,0.012443,0.73247,0.74491
85.696,0.7452,0.0095451,0.72883,0.73837
85.902,0.72081,0.00736,0.72309,0.73045
86.108,0.69426,0.0057077,0.71641,0.72212
86.314,0.71957,0.0044829,0.71438,0.71886
86.52,0.72734,0.0035352,0.71145,0.71499
86.726,0.70126,0.0027936,0.70674,0.70954
86.932,0.68665,0.0022175,0.7025,0.70472
87.138,0.71182,0.0017775,0.7028,0.70458
87.344,0.71212,0.0014262,0.7019,0.70333
87.55,0.70156,0.0011446,0.69953,0.70068
87.756,0.68897,0.00091881,0.69601,0.69693
87.962,0.72268,0.00073802,0.6919,0.69264
88.168,0.71149,0.0005908,0.68453,0.68512
88.374,0.64301,0.00047368,0.67758,0.67806
88.58,0.67158,0.00038034,0.67118,0.67156
88.786,0.67142,0.00030673,0.66726,0.66757
88.992,0.6402,0.00024682,0.66152,0.66176
89.198,0.66863,0.00019872,0.65569,0.65589
89.404,0.65371,0.00015944,0.64765,0.64781
89.61,0.618,0.00012833,0.64169,0.64182
89.816,0.63631,0.00010341,0.63604,0.63614
90.022,0.59049,8.3685e-05,0.63318,0.63327
90.228,0.63275,6.8009e-05,0.6325,0.63257
90.434,0.63679,5.5254e-05,0.63149,0.63154
90.64,0.60758,4.4763e-05,0.62974,0.62978
90.846,0.62311,3.6478e-05,0.62919,0.62922
91.052,0.62297,2.9564e-05,0.62903,0.62906
91.258,0.63181,2.408e-05,0.6294,0.62942
91.464,0.6489,1.961e-05,0.6298,0.62982
91.67,0.63585,1.5974e-05,0.62897,0.62899
91.876,0.63756,1.2934e-05,0.62749,0.6275
92.082,0.64098,1.049e-05,0.62502,0.62503
92.288,0.55478,8.5235e-06,0.62097,0.62098
92.494,0.62048,6.8545e-06,0.62512,0.62513
92.7,0.62111,5.6624e-06,0.62617,0.62617
92.906,0.63259,4.6492e-06,0.62817,0.62817
93.112,0.64425,3.7551e-06,0.63064,0.63064
93.318,0.66226,0.063307,0.63295,0.69626
93.524,0.79585,0.17557,0.63831,0.81388
93.73,0.82783,0.12385,0.64667,0.77052
93.936,0.73574,0.087537,0.6482,0.73573
94.142,0.69302,0.062599,0.64903,0.71163
94.348,0.74987,0.045441,0.65142,0.69686
94.554,0.68727,0.03322,0.65037,0.68358
94.76,0.66553,0.024562,0.64891,0.67347
94.966,0.65527,0.018332,0.64621,0.66454
95.172,0.60293,0.01385,0.64449,0.65834
95.378,0.64144,0.010605,0.64511,0.65572
95.584,0.64749,0.0082467,0.65002,0.65827
95.79,0.63042,0.0064719,0.65575,0.66222
95.996,0.68446,0.0050814,0.65723,0.66231
96.202,0.73199,0.079731,0.65859,0.73832
96.408,0.88656,0.20015,0.65997,0.86012
96.614,0.95645,0.34519,0.66665,1.0118
96.82,0.93237,0.23886,0.67657,0.91543
97.026,0.88268,0.16737,0.68669,0.85406
97.232,0.83841,0.11879,0.69707,0.81586
97.438,0.79942,0.084605,0.70109,0.7857
97.644,0.76167,0.061224,0.70742,0.76864
97.85,0.73123,0.04468,0.71088,0.75556
98.056,0.73837,0.032986,0.71388,0.74687
98.262,0.71103,0.024759,0.72031,0.74507
98.468,0.8109,0.12846,0.73409,0.86255
98.674,1.0916,0.27665,0.7454,1.022
98.88,1.1568,0.44496,0.75373,1.1987
99.086,1.0273,0.30576,0.76283,1.0686
99.292,1.0274,0.21429,0.77762,0.99191
99.498,1.1141,0.38432,0.78857,1.1729
99.704,1.1272,0.26747,0.80337,1.0708
99.91,1.0548,0.18673,0.81077,0.9975
100.12,1.0024,0.1319,0.81748,0.94938
100.32,0.93688,0.093896,0.82019,0.91408
100.53,0.9271,0.067397,0.81926,0.88666
100.73,0.87787,0.048789,0.81506,0.86385
100.94,0.8544,0.035776,0.81144,0.84722
101.15,0.84911,0.026515,0.80702,0.83354
101.35,0.83809,0.019829,0.80101,0.82084
101.56,0.83342,0.014993,0.79565,0.81065
101.76,0.79491,0.011385,0.78633,0.79771
101.97,0.78217,0.0087044,0.7759,0.78461
102.18,0.78435,0.0067198,0.76729,0.77401
102.38,0.7682,0.0052281,0.75968,0.7649
102.59,0.76043,0.0040759,0.74944,0.75352
102.79,0.73402,0.0031971,0.74025,0.74345
103,0.7564,0.0025147,0.73016,0.73267
103.21,0.7275,0.0019842,0.71994,0.72192
103.41,0.69472,0.0015716,0.71049,0.71206
103.62,0.67982,0.0012448,0.6994,0.70065
103.82,0.63353,0.0009917,0.69114,0.69213
104.03,0.68495,0.0007937,0.68492,0.68572
104.24,0.69829,0.0006386,0.68147,0.68211
104.44,0.63958,0.0005126,0.67555,0.67606
104.65,0.70312,0.0004124,0.67074,0.67116
104.85,0.6399,0.00033236,0.66658,0.66691
105.06,0.67485,0.00026822,0.66284,0.66311
105.27,0.66256,0.00021595,0.65708,0.6573
105.47,0.61924,0.00017339,0.64958,0.64975
105.68,0.68184,0.00014037,0.64688,0.64702
105.88,0.64222,0.00011301,0.64075,0.64086
106.09,0.62545,9.0718e-05,0.63306,0.63315
106.3,0.61892,7.3254e-05,0.62844,0.62852
106.5,0.56083,5.9009e-05,0.62324,0.6233
106.71,0.64487,4.7982e-05,0.62158,0.62163
106.91,0.64625,3.8981e-05,0.62218,0.62222
107.12,0.59983,3.159e-05,0.62061,0.62065
107.33,0.63229,2.569e-05,0.61967,0.6197
107.53,0.62389,2.0802e-05,0.61713,0.61715
107.74,0.58365,1.6868e-05,0.61308,0.6131
107.94,0.58973,1.3649e-05,0.61007,0.61008
108.15,0.5846,1.1086e-05,0.60798,0.60799
108.36,0.60153,8.9407e-06,0.60746,0.60747
108.56,0.63601,7.2718e-06,0.60768,0.60769
108.77,0.62654,5.9009e-06,0.60639,0.6064
108.97,0.60261,4.7684e-06,0.60382,0.60383
109.18,0.58816,3.8743e-06,0.60544,0.60544
109.39,0.65651,3.159e-06,0.60798,0.60798
109.59,0.60369,2.563e-06,0.6031,0.60311
109.8,0.59748,2.0266e-06,0.60136,0.60136
110,0.55338,1.6689e-06,0.59912,0.59912
110.21,0.61101,1.3113e-06,0.59947,0.59947
110.42,0.56642,1.1325e-06,0.59896,0.59896
110.62,0.6068,9.5367e-07,0.60059,0.60059
110.83,0.61039,6.5565e-07,0.60202,0.60202
111.03,0.59035,5.9605e-07,0.60289,0.60289
111.24,0.55835,4.7684e-07,0.60446,0.60446
111.45,0.59049,4.1723e-07,0.60933,0.60933
111.65,0.61115,3.5763e-07,0.61219,0.61219
111.86,0.62856,2.9802e-07,0.61624,0.61624
112.06,0.64984,1.7881e-07,0.6202,0.6202
112.27,0.65154,1.1921e-07,0.62257,0.62257
112.48,0.59842,1.7881e-07,0.61933,0.61933
112.68,0.56254,1.1921e-07,0.62057,0.62057
112.89,0.58692,5.9605e-08,0.62597,0.62597
113.09,0.6099,5.9605e-08,0.63226,0.63226
113.3,0.70995,0.064161,0.64161,0.70577
113.51,0.74257,0.046839,0.6485,0.69534
113.71,0.75546,0.034509,0.65338,0.68789
113.92,0.65262,0.025612,0.65523,0.68085
114.12,0.77658,0.12061,0.65838,0.77899
114.33,0.73806,0.085389,0.65994,0.74533
114.54,0.74303,0.061304,0.66236,0.72367
114.74,0.68805,0.044499,0.66373,0.70823
114.95,0.70669,0.032831,0.66774,0.70057
115.15,0.67609,0.024446,0.66997,0.69442
115.36,0.61862,0.01854,0.67703,0.69557
115.57,0.73153,0.01438,0.69231,0.70669
115.77,0.79024,0.011257,0.70766,0.71892
115.98,0.83374,0.1005,0.72014,0.82064
116.18,0.84835,0.073044,0.73374,0.80679
116.39,0.92429,0.20359,0.74191,0.94551
116.6,0.92181,0.14326,0.74973,0.89298
116.8,0.8749,0.10222,0.75854,0.86076
117.01,0.85284,0.073387,0.76249,0.83588
117.21,0.82178,0.053349,0.76634,0.81969
117.42,0.84509,0.039334,0.77156,0.8109
117.63,0.83779,0.029137,0.77123,0.80037
117.83,0.79972,0.021731,0.76739,0.78912
118.04,0.79724,0.01646,0.76726,0.78372
118.24,0.80625,0.012556,0.76507,0.77763
118.45,0.75826,0.0096343,0.76062,0.77025
118.66,0.75686,0.0074422,0.75526,0.7627
118.86,0.73574,0.0057802,0.74875,0.75453
119.07,0.74754,0.0045434,0.74669,0.75123
119.27,0.75778,0.0035864,0.74386,0.74745
119.48,0.71414,0.0028411,0.74036,0.7432
119.69,0.74552,0.0022626,0.738,0.74027
119.89,0.71352,0.0018054,0.73467,0.73648
120.1,0.79834,0.079078,0.73712,0.8162
120.3,0.81449,0.056878,0.73601,0.79289
120.51,0.91295,0.17935,0.73808,0.91742
120.72,0.83701,0.12508,0.73613,0.8612
120.92,0.86434,0.088882,0.73863,0.82752
121.13,0.81976,0.063518,0.73594,0.79946
121.33,0.7699,0.046073,0.73497,0.78105
121.54,0.68509,0.033747,0.7322,0.76595
121.75,0.78465,0.025205,0.7351,0.7603
121.95,0.74846,0.019009,0.73695,0.75596
122.16,0.7376,0.014402,0.73458,0.74898
122.36,0.73931,0.011079,0.7364,0.74748
122.57,0.75468,0.008603,0.73888,0.74749
122.78,0.72921,0.0066971,0.73757,0.74427
122.98,0.80253,0.0052542,0.73707,0.74233
123.19,0.71632,0.0041226,0.73239,0.73651
123.39,0.75902,0.0032725,0.73257,0.73585
123.6,0.75111,0.0026051,0.73168,0.73428
123.81,0.73604,0.0020756,0.72883,0.73091
124.01,0.74241,0.0016554,0.72453,0.72619
124.22,0.73261,0.0013191,0.71785,0.71917
124.42,0.69068,0.0010556,0.71273,0.71378
124.63,0.71368,0.00084609,0.70753,0.70838
124.84,0.65683,0.00067723,0.70043,0.70111
125.04,0.67966,0.00054783,0.6999,0.70045
125.25,0.65589,0.00044388,0.69999,0.70043
125.45,0.6837,0.00036132,0.70246,0.70282
125.66,0.7365,0.00029469,0.70607,0.70636
125.87,0.72362,0.00023866,0.70417,0.7044
126.07,0.72362,0.00019294,0.70084,0.70103
126.28,0.67453,0.00015658,0.69986,0.70002
126.48,0.7011,0.0001272,0.69993,0.70006
126.69,0.72875,0.00010329,0.69947,0.69958
126.9,0.63726,8.3685e-05,0.69652,0.6966
127.1,0.65497,6.8128e-05,0.69668,0.69675
127.31,0.68338,5.5552e-05,0.69954,0.6996
127.51,0.74692,4.5359e-05,0.70361,0.70366
127.72,0.71133,3.7074e-05,0.70468,0.70472
